City,Lat,Lng,Max Temp (F),Humidity (%),Cloudiness (%),Wind Speed (mph),Country,Date
Nikolskoye,59.7035,30.7861,62.49,84,42,3.29,RU,2022-08-03 23:12:05
Ushuaia,-54.8,-68.3,37.06,87,40,3.44,AR,2022-08-03 23:11:36
Tasiilaq,65.6145,-37.6368,33.96,71,79,3.15,GL,2022-08-03 23:12:48
Charter Township of Clinton,42.587,-82.9199,75.22,97,100,10.36,US,2022-08-03 23:16:29
Coahuayana Viejo,18.7333,-103.6833,88.52,63,97,5.88,MX,2022-08-03 23:19:56
Tariba,7.8188,-72.2243,75.76,91,92,1.43,VE,2022-08-03 23:19:56
Punta Arenas,-53.15,-70.9167,39.31,87,100,13.8,CL,2022-08-03 23:11:51
Busselton,-33.65,115.3333,52.48,72,90,16.98,AU,2022-08-03 23:12:41
Kruisfontein,-34.0033,24.7314,54.09,95,64,6.35,ZA,2022-08-03 23:19:58
Yellowknife,62.456,-114.3525,60.35,48,85,3.94,CA,2022-08-03 23:12:24
Gouré,13.9835,10.2704,79.83,70,17,5.44,NE,2022-08-03 23:19:58
Taoudenni,22.6783,-3.9836,91.29,39,22,27.92,ML,2022-08-03 23:19:59
Hilo,19.7297,-155.09,84.25,75,0,10.36,US,2022-08-03 23:07:25
Nabire,-3.3667,135.4833,78.08,89,100,2.64,ID,2022-08-03 23:20:00
Shellbrook,53.2168,-106.4011,67.23,45,79,2.51,CA,2022-08-03 23:20:00
Carnarvon,-24.8667,113.6333,64.67,55,98,16.15,AU,2022-08-03 23:13:07
Meïganga,6.5167,14.3,65.37,97,100,2.46,CM,2022-08-03 23:20:01
Port Elizabeth,-33.918,25.5701,57.49,94,0,12.66,ZA,2022-08-03 23:19:59
Cape Town,-33.9258,18.4232,56.12,80,96,7.0,ZA,2022-08-03 23:10:07
Nanortalik,60.1432,-45.2371,49.8,95,100,21.65,GL,2022-08-03 23:11:52
Boa Vista,2.8197,-60.6733,75.18,83,75,3.44,BR,2022-08-03 23:20:04
Avarua,-21.2078,-159.775,78.85,53,20,13.8,CK,2022-08-03 23:11:53
Mossamedes,-15.1961,12.1522,60.17,80,2,5.73,AO,2022-08-03 23:20:05
Hobart,-42.8794,147.3294,55.26,74,20,12.66,AU,2022-08-03 23:12:04
Port Hardy,50.6996,-127.4199,55.58,100,100,5.75,CA,2022-08-03 23:12:20
Kapaa,22.0752,-159.319,84.52,69,20,14.97,US,2022-08-03 23:12:38
Hithadhoo,-0.6,73.0833,80.76,74,97,18.25,MV,2022-08-03 23:11:55
Verkhnyaya Inta,65.9811,60.3094,63.77,60,98,10.42,RU,2022-08-03 23:20:07
Khatanga,71.9667,102.5,51.39,65,100,9.91,RU,2022-08-03 23:12:22
Birao,10.2849,22.7882,71.22,96,85,1.01,CF,2022-08-03 23:20:08
Bredasdorp,-34.5322,20.0403,47.59,93,5,6.06,ZA,2022-08-03 23:11:19
Norman Wells,65.282,-126.8329,64.44,63,75,12.66,CA,2022-08-03 23:15:25
Rikitea,-23.1203,-134.9692,71.64,69,36,15.5,PF,2022-08-03 23:12:04
Paamiut,61.994,-49.6678,47.21,93,100,34.02,GL,2022-08-03 23:20:10
Kamenka,51.3223,42.7678,69.85,55,100,11.25,RU,2022-08-03 23:20:11
Nicoya,10.1483,-85.452,73.76,90,100,6.62,CR,2022-08-03 23:20:11
Oceanside,33.1959,-117.3795,94.19,71,0,11.5,US,2022-08-03 23:19:45
Trincomalee,8.5711,81.2335,79.41,81,100,26.98,LK,2022-08-03 23:20:12
Cockburn Town,21.4612,-71.1419,82.17,76,7,18.86,TC,2022-08-03 23:20:13
Arman',59.7,150.1667,57.02,85,100,4.97,RU,2022-08-03 23:20:14
Lagoa,39.05,-27.9833,74.88,89,4,7.43,PT,2022-08-03 23:20:14
Mugur-Aksy,50.35,90.5,48.27,81,54,2.48,RU,2022-08-03 23:20:15
Dingle,10.9995,122.6711,78.08,90,100,1.99,PH,2022-08-03 23:12:47
Ponta Delgada,37.7333,-25.6667,74.12,94,40,6.91,PT,2022-08-03 23:20:16
Albany,42.6001,-73.9662,87.64,49,4,3.18,US,2022-08-03 23:09:55
Kavieng,-2.5744,150.7967,82.51,78,93,17.92,PG,2022-08-03 23:12:03
Savannah Bight,16.45,-85.85,82.74,77,100,14.99,HN,2022-08-03 23:20:17
Jamestown,42.097,-79.2353,87.03,43,0,11.5,US,2022-08-03 23:12:53
Saint-Michel-des-Saints,46.6834,-73.9159,67.59,71,99,7.63,CA,2022-08-03 23:15:21
Hermanus,-34.4187,19.2345,48.79,84,4,12.08,ZA,2022-08-03 23:11:54
Butaritari,3.0707,172.7902,81.54,77,90,16.17,KI,2022-08-03 23:12:08
Lianhe,47.1333,129.2667,78.19,72,79,1.01,CN,2022-08-03 23:20:21
Qinhuangdao,39.9317,119.5883,83.79,75,99,3.71,CN,2022-08-03 23:20:21
Atuona,-9.8,-139.0333,77.36,80,15,13.6,PF,2022-08-03 23:12:11
Qaanaaq,77.484,-69.3632,45.82,61,63,1.88,GL,2022-08-03 23:12:01
East London,-33.0153,27.9116,69.26,50,66,5.41,ZA,2022-08-03 23:08:58
Chokurdakh,70.6333,147.9167,49.77,64,97,10.65,RU,2022-08-03 23:20:23
Yārāda,17.65,83.2667,82.72,83,40,2.3,IN,2022-08-03 23:20:23
Faanui,-16.4833,-151.75,78.67,75,11,22.53,PF,2022-08-03 23:20:24
Barrow,71.2906,-156.7887,51.82,71,0,16.11,US,2022-08-03 23:12:35
Saint George,37.1041,-113.5841,103.62,23,0,7.0,US,2022-08-03 23:12:10
Mataura,-46.1927,168.8643,46.65,72,100,5.14,NZ,2022-08-03 23:12:05
Bambous Virieux,-20.3428,57.7575,68.25,77,40,9.22,MU,2022-08-03 23:20:25
Itupiranga,-5.1347,-49.3267,80.92,49,8,3.27,BR,2022-08-03 23:20:26
George Town,5.4112,100.3354,79.9,91,40,3.44,MY,2022-08-03 23:16:53
Bluff,-46.6,168.3333,50.34,68,100,20.58,NZ,2022-08-03 23:12:51
Bac Lieu,9.285,105.7244,77.43,91,100,5.57,VN,2022-08-03 23:12:33
Rensvik,63.1,7.8167,57.47,88,75,9.22,NO,2022-08-03 23:20:27
Zheleznodorozhnyy,55.7503,38.0042,68.61,60,100,5.41,RU,2022-08-03 23:20:28
Yeppoon,-23.1333,150.7333,65.98,80,11,8.1,AU,2022-08-03 23:20:29
Vaini,-21.2,-175.2,80.76,94,40,10.36,TO,2022-08-03 23:12:06
Point Pedro,9.8167,80.2333,78.69,90,100,20.87,LK,2022-08-03 23:20:30
Itarema,-2.9248,-39.9167,77.22,78,53,12.41,BR,2022-08-03 23:20:30
Novobureyskiy,49.798,129.8774,74.32,75,70,2.51,RU,2022-08-03 23:20:31
Boende,-0.2167,20.8667,72.05,88,43,2.15,CD,2022-08-03 23:20:31
Pringsewu,-5.3582,104.9744,73.18,97,96,3.85,ID,2022-08-03 23:20:32
Verchères,45.7834,-73.3492,80.17,63,84,5.75,CA,2022-08-03 23:20:32
Hasaki,35.7333,140.8333,75.29,85,100,13.18,JP,2022-08-03 23:11:53
Christchurch,-43.5333,172.6333,56.48,71,100,6.91,NZ,2022-08-03 23:20:33
Mattru,7.6244,-11.8332,72.63,97,96,1.97,SL,2022-08-03 23:20:34
Korla,41.7597,86.1469,80.78,30,3,6.91,CN,2022-08-03 23:13:01
Toropets,56.4978,31.6353,59.67,89,70,3.6,RU,2022-08-03 23:20:34
Muros,42.7762,-9.0603,69.1,76,66,10.27,ES,2022-08-03 23:20:35
Upernavik,72.7868,-56.1549,42.6,77,5,12.37,GL,2022-08-03 23:18:11
Baghdad,33.3406,44.4009,93.11,24,0,5.75,IQ,2022-08-03 23:20:36
Saint-François,46.4154,3.9054,71.04,64,0,2.3,FR,2022-08-03 23:18:50
Flin Flon,54.7682,-101.865,67.84,42,75,6.91,CA,2022-08-03 23:20:36
Redding,40.5865,-122.3917,107.65,21,0,12.66,US,2022-08-03 23:20:24
Clyde River,70.4692,-68.5914,39.43,100,100,14.97,CA,2022-08-03 23:12:54
Saint-Philippe,-21.3585,55.7679,65.79,82,49,9.37,RE,2022-08-03 23:12:18
Mahabalipuram,12.6264,80.1722,82.45,81,100,6.31,IN,2022-08-03 23:20:38
São João da Barra,-21.6403,-41.0511,68.94,88,0,7.23,BR,2022-08-03 23:20:38
Chui,-33.6971,-53.4616,57.13,99,100,5.66,UY,2022-08-03 23:12:12
Port Keats,-14.25,129.55,75.63,79,53,2.62,AU,2022-08-03 23:20:39
Olovyannaya,50.95,115.5667,63.07,93,100,9.78,RU,2022-08-03 23:20:39
Borås,57.721,12.9401,63.55,99,22,4.63,SE,2022-08-03 23:20:25
Verkhoyansk,67.5447,133.385,46.63,93,100,6.64,RU,2022-08-03 23:20:40
Alexandria,31.2156,29.9553,78.75,68,0,9.19,EG,2022-08-03 23:17:37
La Ronge,55.1001,-105.2842,66.45,52,75,6.91,CA,2022-08-03 23:20:41
Tiksi,71.6872,128.8694,44.71,76,99,6.24,RU,2022-08-03 23:20:41
Bethel,41.3712,-73.414,87.37,56,0,3.67,US,2022-08-03 23:20:43
Druskininkai,54.0167,23.9667,58.69,70,6,4.29,LT,2022-08-03 23:20:44
Kensington,-33.9167,151.2167,68.77,68,0,18.41,AU,2022-08-03 23:20:44
Bonthe,7.5264,-12.505,75.83,88,98,7.65,SL,2022-08-03 23:20:45
Krasnosel'kup,65.7,82.4667,51.46,69,16,5.82,RU,2022-08-03 23:20:31
Evora,38.5667,-7.9,67.82,74,0,7.4,PT,2022-08-03 23:20:46
Alice Springs,-23.7,133.8833,69.22,32,100,17.27,AU,2022-08-03 23:19:29
Aksu,41.1231,80.2644,69.89,47,100,4.99,CN,2022-08-03 23:13:09
Thompson,55.7435,-97.8558,60.96,51,75,10.36,CA,2022-08-03 23:12:42
Naze,28.3667,129.4833,81.52,84,73,3.02,JP,2022-08-03 23:20:47
Ilhabela,-23.7781,-45.3581,67.91,90,13,8.41,BR,2022-08-03 23:20:47
Tokoroa,-38.2333,175.8667,54.95,83,4,3.0,NZ,2022-08-03 23:20:48
Ballina,-28.8667,153.5667,69.01,83,20,10.87,AU,2022-08-03 23:20:49
Mahébourg,-20.4081,57.7,68.29,77,40,9.22,MU,2022-08-03 23:16:34
Alofi,-19.0595,-169.9187,76.42,72,37,24.11,NU,2022-08-03 23:12:50
Puerto Ayora,-0.7393,-90.3518,70.56,82,75,11.01,EC,2022-08-03 23:09:11
Namtsy,62.7161,129.6658,69.26,78,90,4.25,RU,2022-08-03 23:20:50
Severo-Kuril'sk,50.6789,156.125,55.45,80,41,6.82,RU,2022-08-03 23:19:14
Zabul Province,32.25,67.25,73.22,22,2,5.21,AF,2022-08-03 23:20:51
Iralaya,15.0,-83.2333,80.55,82,100,9.84,HN,2022-08-03 23:20:51
La Santisima Trinidad,-14.8333,-64.9,84.18,70,40,3.44,BO,2022-08-03 23:19:52
Castro,-24.7911,-50.0119,60.22,69,3,4.34,BR,2022-08-03 23:12:33
Wankyi,7.7392,-2.1046,69.67,93,54,5.01,GH,2022-08-03 23:20:52
Bihać,44.8169,15.8708,67.82,64,0,1.95,BA,2022-08-03 23:20:53
Asău,46.4333,26.4,65.95,88,7,4.65,RO,2022-08-03 23:20:53
Talnakh,69.4865,88.3972,54.21,57,12,4.38,RU,2022-08-03 23:20:54
Necochea,-38.5473,-58.7368,46.31,93,1,6.17,AR,2022-08-03 23:13:11
Lavrentiya,65.5833,-171.0,49.89,80,35,7.63,RU,2022-08-03 23:12:12
Pevek,69.7008,170.3133,34.92,98,100,10.85,RU,2022-08-03 23:12:11
Ponta do Sol,32.6667,-17.1,70.72,80,2,8.32,PT,2022-08-03 23:11:55
Laurel,39.0993,-76.8483,90.99,62,20,6.91,US,2022-08-03 23:20:01
Maniitsoq,65.4167,-52.9,45.37,98,100,9.08,GL,2022-08-03 23:18:11
Brae,60.3964,-1.353,51.64,80,57,13.29,GB,2022-08-03 23:17:58
Kirakira,-10.4544,161.9205,83.77,72,8,9.48,SB,2022-08-03 23:20:56
Hobyo,5.3505,48.5268,76.05,82,96,26.33,SO,2022-08-03 23:12:59
Zhangjiakou,40.81,114.8794,76.51,74,94,3.51,CN,2022-08-03 23:20:57
Torbay,47.6666,-52.7314,71.38,83,73,10.0,CA,2022-08-03 23:13:00
Kozienice,51.5829,21.5478,68.58,26,18,6.06,PL,2022-08-03 23:20:58
Airai,-8.9266,125.4092,58.89,63,96,2.8,TL,2022-08-03 23:11:56
Arraial do Cabo,-22.9661,-42.0278,69.8,73,0,7.25,BR,2022-08-03 23:20:59
Tra Vinh,9.9347,106.3453,75.04,95,100,4.25,VN,2022-08-03 23:20:59
Kerchevskiy,59.946,56.2884,55.29,82,42,3.22,RU,2022-08-03 23:21:00
Srednekolymsk,67.45,153.6833,54.34,79,100,4.45,RU,2022-08-03 23:13:14
Sosnovo-Ozerskoye,52.5249,111.5418,59.43,75,100,6.4,RU,2022-08-03 23:21:01
Dunedin,-45.8742,170.5036,48.79,80,100,8.01,NZ,2022-08-03 23:17:51
Olafsvik,64.8945,-23.7142,48.02,70,30,10.98,IS,2022-08-03 23:13:00
Nago,26.5881,127.9761,86.45,78,100,2.64,JP,2022-08-03 23:21:02
Kaitangata,-46.2817,169.8464,47.07,75,100,5.23,NZ,2022-08-03 23:12:46
Port Alfred,-33.5906,26.891,59.18,91,28,1.01,ZA,2022-08-03 23:12:31
Orshanka,56.9161,47.8933,65.57,70,87,2.84,RU,2022-08-03 23:21:03
Katangli,51.7102,143.2326,58.48,94,99,7.61,RU,2022-08-03 23:21:04
Fandriana,-20.2333,47.3833,52.83,89,94,2.26,MG,2022-08-03 23:21:05
Heyang,26.1011,107.473,71.08,90,47,0.43,CN,2022-08-03 23:21:05
Gaza,31.5,34.4667,78.64,79,6,3.38,PS,2022-08-03 23:21:06
Rawson,-43.3002,-65.1023,46.69,74,22,13.65,AR,2022-08-03 23:21:06
Bathsheba,13.2167,-59.5167,83.01,88,75,19.57,BB,2022-08-03 23:21:07
Mezen',65.8522,44.24,52.16,81,50,6.78,RU,2022-08-03 23:21:07
Altagracia de Orituco,9.8601,-66.3814,73.15,95,100,3.98,VE,2022-08-03 23:21:08
North Branch,45.5113,-92.9802,80.67,61,0,5.01,US,2022-08-03 23:21:08
Longyearbyen,78.2186,15.6401,49.84,81,75,9.22,SJ,2022-08-03 23:18:49
Sterling,39.0062,-77.4286,89.91,60,20,8.01,US,2022-08-03 23:21:09
Bousso,10.4795,16.7117,75.36,76,28,3.4,TD,2022-08-03 23:21:10
Kargil,34.5667,76.1,55.56,62,10,6.22,IN,2022-08-03 23:21:10
Provideniya,64.3833,-173.3,44.71,100,75,13.42,RU,2022-08-03 23:21:11
San Patricio,28.017,-97.5169,95.72,48,38,21.3,US,2022-08-03 23:21:11
Neijiang,29.5835,105.0622,77.09,94,35,4.61,CN,2022-08-03 23:21:12
Constantine,36.365,6.6147,74.61,46,40,5.75,DZ,2022-08-03 23:21:12
Nueve de Julio,-35.4444,-60.8831,49.96,91,39,1.99,AR,2022-08-03 23:21:13
Santiago,-33.4569,-70.6483,54.28,66,75,11.5,CL,2022-08-03 23:18:25
Petropavlovsk-Kamchatskiy,53.0452,158.6483,63.19,68,20,6.71,RU,2022-08-03 23:19:15
Guarapari,-20.6667,-40.4975,71.89,90,2,2.71,BR,2022-08-03 23:21:14
Hong Kong,22.2855,114.1577,83.32,85,100,10.0,HK,2022-08-03 23:18:09
Los Zacatones,22.95,-102.05,79.95,28,84,13.98,MX,2022-08-03 23:21:15
Cayenne,4.9333,-52.3333,82.09,1,0,3.44,GF,2022-08-03 23:21:15
Coquimbo,-29.9533,-71.3436,53.33,87,20,3.44,CL,2022-08-03 23:21:16
Shingū,33.7333,135.9833,85.95,70,3,3.85,JP,2022-08-03 23:12:25
Bud,39.447,-86.1758,88.32,70,6,12.71,US,2022-08-03 23:21:16
Dikson,73.5069,80.5464,43.12,98,100,9.62,RU,2022-08-03 23:12:19
Cabra,37.4725,-4.4421,78.01,36,0,4.61,ES,2022-08-03 23:21:17
Lovington,32.944,-103.3485,102.33,17,34,14.32,US,2022-08-03 23:21:18
Pisco,-13.7,-76.2167,63.01,77,0,16.11,PE,2022-08-03 23:13:08
Yekimovichi,54.1129,33.2965,63.28,91,97,4.54,RU,2022-08-03 23:21:18
Saint Paul Harbor,57.79,-152.4072,65.71,59,75,9.22,US,2022-08-03 23:09:19
Bandrele,-12.9067,45.1914,67.75,88,0,3.44,YT,2022-08-03 23:21:20
Tilichiki,60.4667,166.1,58.05,68,56,10.94,RU,2022-08-03 23:21:20
Capão da Canoa,-29.7456,-50.0097,61.88,95,86,10.96,BR,2022-08-03 23:17:49
Camocim,-2.9022,-40.8411,78.42,74,50,15.23,BR,2022-08-03 23:21:21
Youkounkoun,12.5333,-13.1333,74.84,95,100,6.44,GN,2022-08-03 23:21:21
Panabá,21.2833,-88.2667,88.57,58,63,13.22,MX,2022-08-03 23:13:15
Lebu,-37.6167,-73.65,48.36,88,53,5.5,CL,2022-08-03 23:11:57
Zhoucheng,35.9122,116.3117,81.79,88,0,6.53,CN,2022-08-03 23:21:22
Saskylakh,71.9167,114.0833,48.16,56,100,11.74,RU,2022-08-03 23:11:56
Sambava,-14.2667,50.1667,65.89,87,5,9.53,MG,2022-08-03 23:21:23
Kumul,42.8,93.45,81.48,23,0,5.64,CN,2022-08-03 23:21:24
Tabory,58.5198,64.5495,53.64,87,9,1.3,RU,2022-08-03 23:21:25
Beloha,-25.1667,45.05,62.28,84,0,9.55,MG,2022-08-03 23:21:25
Dwārka,22.2394,68.9678,82.17,77,100,10.09,IN,2022-08-03 23:21:25
Namwala,-15.7504,26.4384,60.01,59,0,4.9,ZM,2022-08-03 23:21:26
Yulara,-25.2406,130.9889,57.13,45,69,7.47,AU,2022-08-03 23:21:26
San Quintín,30.4833,-115.95,75.72,69,49,17.83,MX,2022-08-03 23:12:02
Katsuura,35.1333,140.3,75.22,91,94,16.6,JP,2022-08-03 23:16:33
Narasapuram,16.45,81.6667,79.25,89,100,2.71,IN,2022-08-03 23:21:28
Bubaque,11.2833,-15.8333,80.13,81,100,10.83,GW,2022-08-03 23:18:16
Coyhaique,-45.5752,-72.0662,39.15,81,75,6.91,CL,2022-08-03 23:13:06
Laas,46.6166,10.7002,65.7,90,17,1.86,IT,2022-08-03 23:12:00
Beringovskiy,63.05,179.3167,51.69,80,100,6.98,RU,2022-08-03 23:21:30
Orissaare,58.5592,23.0826,65.95,68,19,9.31,EE,2022-08-03 23:21:31
Smidovich,48.6,133.8167,70.54,88,99,6.73,RU,2022-08-03 23:21:31
Tuktoyaktuk,69.4541,-133.0374,47.53,80,95,5.99,CA,2022-08-03 23:12:17
Vestmannaeyjar,63.4427,-20.2734,47.55,76,67,25.59,IS,2022-08-03 23:12:55
Aripuanã,-9.1667,-60.6333,83.1,47,83,1.72,BR,2022-08-03 23:21:32
Ixtapa,20.7,-105.2,84.22,61,100,6.91,MX,2022-08-03 23:21:33
Løpsmarka,67.3134,14.4493,57.51,94,100,6.91,NO,2022-08-03 23:21:33
Portland,45.5234,-122.6762,90.55,34,20,11.5,US,2022-08-03 23:17:11
Qasigiannguit,68.8193,-51.1922,50.25,62,100,3.69,GL,2022-08-03 23:21:34
Kawalu,-7.3817,108.2082,71.89,97,100,0.81,ID,2022-08-03 23:20:33
Guerrero Negro,27.9769,-114.0611,77.81,63,19,19.01,MX,2022-08-03 23:07:48
Salobreña,36.7428,-3.5872,86.47,53,0,3.36,ES,2022-08-03 23:21:35
Urusha,54.05,122.9,61.9,97,100,0.83,RU,2022-08-03 23:21:36
Esna,25.2934,32.554,86.02,18,2,12.91,EG,2022-08-03 23:21:36
Plettenberg Bay,-34.0527,23.3716,57.78,90,89,5.44,ZA,2022-08-03 23:21:37
Yauya,-8.9833,-77.3,56.95,53,68,6.4,PE,2022-08-03 23:21:37
Bima,-8.4667,118.7167,75.27,80,27,4.79,ID,2022-08-03 23:21:38
Bengkulu,-3.8004,102.2655,73.99,92,95,2.91,ID,2022-08-03 23:19:07
Hay River,60.8156,-115.7999,64.38,52,20,17.27,CA,2022-08-03 23:21:38
The Valley,18.217,-63.0578,84.34,74,20,13.8,AI,2022-08-03 23:21:39
Popondetta,-8.7537,148.2534,84.61,56,45,2.21,PG,2022-08-03 23:21:40
Yar-Sale,66.8333,70.8333,57.6,68,52,8.9,RU,2022-08-03 23:21:40
Amānganj,24.4333,80.0333,81.32,77,72,3.6,IN,2022-08-03 23:21:41
Suure-Jaani,58.5361,25.4706,55.85,57,6,5.41,EE,2022-08-03 23:21:41
Edd,13.9297,41.6925,89.33,61,100,4.97,ER,2022-08-03 23:19:15
Menongue,-14.6585,17.691,59.52,47,9,0.85,AO,2022-08-03 23:21:11
Madison Heights,42.4859,-83.1052,82.98,87,100,11.5,US,2022-08-03 23:17:44
Gisborne,-38.6533,178.0042,58.5,63,1,4.21,NZ,2022-08-03 23:21:42
Mount Isa,-20.7333,139.5,78.57,53,75,11.5,AU,2022-08-03 23:21:43
Umluj,25.0213,37.2685,86.09,66,74,4.18,SA,2022-08-03 23:21:44
Otane,-39.8833,176.6333,56.77,64,0,2.51,NZ,2022-08-03 23:21:44
Iqaluit,63.7506,-68.5145,49.69,71,23,8.99,CA,2022-08-03 23:11:57
Souillac,-20.5167,57.5167,68.38,77,40,9.22,MU,2022-08-03 23:21:45
Miraflores,19.2167,-98.8083,75.87,54,81,3.76,MX,2022-08-03 23:21:46
Kommunar,59.6206,30.39,62.13,83,35,4.68,RU,2022-08-03 23:21:46
Kamaishi,39.2667,141.8833,70.12,86,86,6.31,JP,2022-08-03 23:21:47
North Bend,43.4065,-124.2243,74.25,81,0,13.8,US,2022-08-03 23:21:47
Saint-Pierre,-21.3393,55.4781,65.88,79,20,5.75,RE,2022-08-03 23:21:48
Graham,47.0529,-122.2943,80.37,48,0,10.36,US,2022-08-03 23:21:48
Lorengau,-2.0226,147.2712,81.61,82,90,12.03,PG,2022-08-03 23:12:18
Broome,42.2506,-75.833,87.1,45,0,5.75,US,2022-08-03 23:21:49
Hundorp,61.5552,9.9407,52.41,88,48,3.29,NO,2022-08-03 23:21:49
Ružomberok,49.0748,19.3075,57.99,87,0,2.89,SK,2022-08-03 23:20:12
Cherskiy,68.75,161.3,50.45,71,100,8.52,RU,2022-08-03 23:21:50
Adrar,20.5022,-10.0711,97.07,24,7,13.71,MR,2022-08-03 23:21:52
Kalamb,19.05,73.95,74.59,89,100,5.21,IN,2022-08-03 23:21:52
Hambantota,6.1241,81.1185,78.21,77,100,25.26,LK,2022-08-03 23:21:53
Gamba,-2.65,10.0,69.49,89,5,7.31,GA,2022-08-03 23:21:53
Mehamn,71.0357,27.8492,55.31,87,59,9.48,NO,2022-08-03 23:12:29
Walvis Bay,-22.9575,14.5053,53.1,93,30,4.61,NA,2022-08-03 23:21:54
Iguape,-24.7081,-47.5553,65.3,94,1,9.33,BR,2022-08-03 23:21:54
Solnechnyy,50.7214,136.6319,64.36,90,93,4.56,RU,2022-08-03 23:21:55
Richards Bay,-28.783,32.0377,64.83,73,23,14.32,ZA,2022-08-03 23:09:33
Ocampo,21.65,-101.5,71.19,46,88,6.42,MX,2022-08-03 23:21:56
Chato,-2.6378,31.7669,70.39,62,70,4.23,TZ,2022-08-03 23:21:56
Krasnovishersk,60.4078,57.082,55.08,85,23,2.66,RU,2022-08-03 23:21:56
Tongren,27.7172,109.1853,81.25,74,73,0.43,CN,2022-08-03 23:21:57
Vanimo,-2.6741,141.3028,79.47,88,100,5.88,PG,2022-08-03 23:21:57
Constitución,-35.3333,-72.4167,49.53,83,72,10.13,CL,2022-08-03 23:13:14
Sinnamary,5.3833,-52.95,78.44,87,78,10.42,GF,2022-08-03 23:21:58
Ancud,-41.8697,-73.8203,42.22,83,85,7.9,CL,2022-08-03 23:21:59
Najrān,17.4924,44.1277,81.25,54,89,5.93,SA,2022-08-03 23:21:59
New Norfolk,-42.7826,147.0587,54.91,84,40,5.53,AU,2022-08-03 23:12:34
Linguère,15.3953,-15.1193,82.2,69,100,8.59,SN,2022-08-03 23:22:00
Arcata,40.8665,-124.0828,74.19,75,20,10.36,US,2022-08-03 23:22:00
Ust-Tsilma,65.441,52.1498,59.0,92,88,4.38,RU,2022-08-03 23:22:01
Rundu,-17.9333,19.7667,62.15,41,3,3.29,NA,2022-08-03 23:22:01
Hetauda,27.4284,85.0322,81.75,91,100,3.67,NP,2022-08-03 23:22:02
Serebryansk,49.6925,83.2892,55.9,88,34,3.65,KZ,2022-08-03 23:22:02
Kabalo,-6.05,26.9167,75.61,39,1,4.18,CD,2022-08-03 23:22:03
Araguaína,-7.1911,-48.2072,81.36,30,81,3.4,BR,2022-08-03 23:22:04
Misratah,32.3754,15.0925,82.11,64,0,8.3,LY,2022-08-03 23:22:04
Conchas,-23.0153,-48.0106,66.34,58,0,7.85,BR,2022-08-03 23:22:04
Nouakchott,18.0858,-15.9785,80.53,81,100,11.95,MR,2022-08-03 23:22:05
Xalapa,19.5333,-96.9167,72.07,67,2,6.11,MX,2022-08-03 23:18:53
Kattivākkam,13.2167,80.3167,82.49,87,100,7.78,IN,2022-08-03 23:22:06
San Isidro,-12.1167,-77.05,65.01,75,100,11.5,PE,2022-08-03 23:21:46
Namanga,-2.5433,36.7905,60.84,72,80,4.32,KE,2022-08-03 23:22:06
Sola,-13.8833,167.55,81.5,73,16,13.73,VU,2022-08-03 23:22:07
Anadyr,64.75,177.4833,61.3,67,0,8.95,RU,2022-08-03 23:22:07
Jatiroto,-7.8833,111.1167,70.2,88,36,3.85,ID,2022-08-03 23:22:08
Sibu,2.3,111.8167,75.51,94,40,3.44,MY,2022-08-03 23:22:08
Srandakan,-7.9386,110.2506,75.25,85,95,4.03,ID,2022-08-03 23:22:09
Nouadhibou,20.931,-17.0347,75.18,78,100,6.91,MR,2022-08-03 23:22:09
Weligama,5.9667,80.4167,76.71,83,100,18.86,LK,2022-08-03 23:22:10
Rosetta,31.4044,30.4164,77.76,72,0,12.41,EG,2022-08-03 23:22:10
Salalah,17.0151,54.0924,78.89,94,100,0.0,OM,2022-08-03 23:12:42
Houma,29.5958,-90.7195,82.4,73,0,3.44,US,2022-08-03 23:22:11
Plastun,44.7561,136.2939,72.57,91,56,2.53,RU,2022-08-03 23:22:12
Marau,-28.4492,-52.2,63.43,87,14,4.41,BR,2022-08-03 23:22:12
São Raimundo Nonato,-9.0153,-42.6994,84.04,41,61,9.13,BR,2022-08-03 23:22:13
Yenagoa,4.9247,6.2642,72.55,92,80,4.34,NG,2022-08-03 23:22:13
Karratha,-20.7377,116.8463,62.22,70,3,10.89,AU,2022-08-03 23:22:14
Blackpool,53.8167,-3.05,63.68,84,96,10.51,GB,2022-08-03 23:22:14
Margate,51.3813,1.3862,67.69,87,78,1.99,GB,2022-08-03 23:22:16
Harper,4.375,-7.7169,74.77,82,100,10.63,LR,2022-08-03 23:22:00
Esperance,-33.8667,121.9,54.68,67,91,30.04,AU,2022-08-03 23:22:17
Kununurra,-15.7667,128.7333,67.98,83,90,0.0,AU,2022-08-03 23:22:17
Mar del Plata,-38.0023,-57.5575,50.88,91,100,5.75,AR,2022-08-03 23:12:38
Tucuruí,-3.7661,-49.6725,79.11,54,46,2.48,BR,2022-08-03 23:22:18
Lata,40.1629,-8.3327,60.35,99,12,1.72,PT,2022-08-03 23:22:18
Cidreira,-30.1811,-50.2056,62.4,93,82,18.79,BR,2022-08-03 23:13:18
Anderson,34.5334,-82.6499,87.76,69,75,8.05,US,2022-08-03 23:22:19
Yeniseysk,58.4497,92.1703,50.76,99,100,4.65,RU,2022-08-03 23:22:20
Carman,49.4992,-98.0016,71.94,52,76,4.61,CA,2022-08-03 23:22:20
Ruidoso,33.3317,-105.673,80.96,49,91,11.5,US,2022-08-03 23:18:56
Tura,25.5198,90.2201,73.56,95,100,2.3,IN,2022-08-03 23:22:21
Yumen,40.2833,97.2,74.07,34,0,12.3,CN,2022-08-03 23:22:21
Lompoc,34.6391,-120.4579,91.78,65,0,13.8,US,2022-08-03 23:12:36
Qui Nhon,13.7667,109.2333,78.6,82,100,5.08,VN,2022-08-03 23:22:22
Pawāyan,28.0667,80.1,79.36,89,100,5.68,IN,2022-08-03 23:22:23
Vostok,46.4856,135.8833,71.4,84,76,1.57,RU,2022-08-03 23:22:23
Tiznit Province,29.5833,-9.5,85.23,29,80,2.1,MA,2022-08-03 23:22:24
Egvekinot,66.3167,-179.1667,54.16,65,56,6.26,RU,2022-08-03 23:22:24
Cabo San Lucas,22.8909,-109.9124,95.61,43,0,3.44,MX,2022-08-03 23:20:00
Karasburg,-28.0167,18.75,52.68,72,0,4.56,NA,2022-08-03 23:22:25
Hergla,36.0303,10.509,82.26,78,0,3.44,TN,2022-08-03 23:22:25
Bairiki Village,1.3292,172.9752,86.0,70,40,8.05,KI,2022-08-03 23:22:26
Rome,43.2128,-75.4557,86.86,50,0,4.61,US,2022-08-03 23:20:38
Geraldton,-28.7667,114.6,59.41,72,40,18.41,AU,2022-08-03 23:12:57
Ahipara,-35.1667,173.1667,61.48,74,2,3.6,NZ,2022-08-03 23:12:41
Husavik,66.0449,-17.3389,44.2,97,100,13.73,IS,2022-08-03 23:22:27
São Gabriel da Cachoeira,-0.1303,-67.0892,74.35,96,38,2.13,BR,2022-08-03 23:22:28
Lermontovka,47.1453,134.3383,76.14,80,74,3.85,RU,2022-08-03 23:22:28
Port Blair,11.6667,92.75,78.84,89,75,8.05,IN,2022-08-03 23:22:28
Fortuna,40.5982,-124.1573,73.92,72,20,12.66,US,2022-08-03 23:22:29
Tual,-5.6667,132.75,79.39,85,58,15.21,ID,2022-08-03 23:22:29
Bafra,41.5678,35.9069,70.79,84,41,3.98,TR,2022-08-03 23:22:30
Leningradskiy,69.3833,178.4167,43.66,87,100,3.98,RU,2022-08-03 23:22:30
Elizabeth City,36.2946,-76.2511,94.01,70,0,9.22,US,2022-08-03 23:21:42
Jilin,43.0,126.0,74.46,91,0,4.79,CN,2022-08-03 23:22:31
Port Lincoln,-34.7333,135.8667,56.37,72,2,29.06,AU,2022-08-03 23:22:32
Tutóia,-2.7619,-42.2744,77.86,85,30,13.69,BR,2022-08-03 23:22:32
Colesberg,-30.72,25.0972,52.5,81,100,3.85,ZA,2022-08-03 23:22:32
Cardoso,-20.0819,-49.9142,77.86,33,11,6.31,BR,2022-08-03 23:22:33
Kupang,-10.1667,123.5833,73.54,79,96,7.58,ID,2022-08-03 23:22:33
Vao,-22.6667,167.4833,72.18,80,46,13.6,NC,2022-08-03 23:22:34
La Ciotat,43.1748,5.6045,78.78,80,19,0.4,FR,2022-08-03 23:22:34
Sur,22.5667,59.5289,86.16,68,26,9.15,OM,2022-08-03 23:22:35
Mimongo,-1.6195,11.6068,70.38,76,80,4.41,GA,2022-08-03 23:22:35
Marystown,47.1666,-55.1483,67.86,100,38,7.0,CA,2022-08-03 23:22:36
Kalas,18.1667,74.8,77.76,77,100,7.14,IN,2022-08-03 23:22:36
Lüderitz,-26.6481,15.1594,53.92,94,2,11.25,NA,2022-08-03 23:22:37
Kahului,20.8947,-156.47,86.02,54,40,23.02,US,2022-08-03 23:10:20
Saint-Joseph,-21.3667,55.6167,64.78,80,27,8.43,RE,2022-08-03 23:22:38
Ribeira Grande,38.5167,-28.7,75.87,88,18,5.86,PT,2022-08-03 23:22:39
Qaqortoq,60.7167,-46.0333,47.32,98,100,14.83,GL,2022-08-03 23:22:39
Namatanai,-3.6667,152.4333,80.91,81,71,10.87,PG,2022-08-03 23:22:40
‘Ewa Beach,21.3156,-158.0072,85.37,54,40,16.11,US,2022-08-03 23:19:23
Vieste,41.8825,16.175,78.67,62,0,9.6,IT,2022-08-03 23:22:40
Tuatapere,-46.1333,167.6833,50.22,79,98,10.18,NZ,2022-08-03 23:22:41
Huilong,31.8111,121.655,85.93,81,1,15.39,CN,2022-08-03 23:22:42
Poum,-20.2333,164.0167,75.63,82,5,7.9,NC,2022-08-03 23:22:42
Neyshabur,36.2133,58.7958,75.2,28,0,2.84,IR,2022-08-03 23:22:43
Parāsia,22.2,78.7667,73.76,87,83,2.44,IN,2022-08-03 23:22:44
Fairbanks,64.8378,-147.7164,74.08,48,40,5.75,US,2022-08-03 23:20:51
Pandan,14.0453,124.1694,79.84,87,100,1.36,PH,2022-08-03 23:20:27
Bandarbeyla,9.4942,50.8122,76.12,83,20,30.53,SO,2022-08-03 23:12:49
Scottsbluff,41.8666,-103.6672,92.52,30,0,8.05,US,2022-08-03 23:22:45
Koumac,-20.5667,164.2833,77.34,77,11,7.25,NC,2022-08-03 23:22:45
Dongsheng,39.8161,109.9776,74.75,63,60,12.55,CN,2022-08-03 23:22:46
City of San Pedro,14.35,121.0167,82.26,83,75,2.3,PH,2022-08-03 23:14:59
Praia,14.9215,-23.5087,78.53,84,88,5.64,CV,2022-08-03 23:13:12
Olinda,-8.0089,-34.8553,73.13,94,75,8.05,BR,2022-08-03 23:22:47
Sakakah,29.9697,40.2064,98.17,21,3,9.31,SA,2022-08-03 23:22:47
Comodoro Rivadavia,-45.8667,-67.5,44.46,61,0,4.61,AR,2022-08-03 23:22:48
Hualmay,-11.0964,-77.6139,62.96,80,21,10.89,PE,2022-08-03 23:22:48
Mayo,38.8876,-76.5119,91.51,62,0,8.05,US,2022-08-03 23:19:09
Sobolevo,54.4299,31.8996,63.48,92,91,0.16,RU,2022-08-03 23:22:49
Hirara,24.8,125.2833,84.47,84,20,6.91,JP,2022-08-03 23:22:50
Sandakan,5.8402,118.1179,78.48,89,20,4.61,MY,2022-08-03 23:22:50
Kholodnyy,62.7167,147.95,65.68,65,96,5.53,RU,2022-08-03 23:22:51
Tremedal,-14.9758,-41.4108,69.24,49,12,6.29,BR,2022-08-03 23:22:51
Ugento,39.9263,18.1574,76.46,62,0,10.58,IT,2022-08-03 23:22:52
Mount Gambier,-37.8333,140.7667,50.09,82,17,11.92,AU,2022-08-03 23:22:52
Brainerd,46.358,-94.2008,74.86,53,20,18.41,US,2022-08-03 23:18:00
Kavaratti,10.5669,72.642,77.25,89,100,34.27,IN,2022-08-03 23:19:19
Morant Bay,17.8815,-76.4093,83.71,78,100,9.91,JM,2022-08-03 23:22:53
Zunyi,27.6867,106.9072,72.18,87,25,1.52,CN,2022-08-03 23:22:54
Saint Anthony,45.0205,-93.218,83.35,49,20,17.27,US,2022-08-03 23:22:54
Ailigandí,9.2333,-78.0167,77.94,84,96,4.65,PA,2022-08-03 23:22:55
Uyuni,-20.4597,-66.825,42.62,15,0,13.67,BO,2022-08-03 23:22:55
Daşoguz,41.8363,59.9666,73.35,49,0,6.91,TM,2022-08-03 23:22:56
Bhadrāchalam,17.6667,80.8833,76.78,95,95,1.45,IN,2022-08-03 23:22:56
Mitú,1.1983,-70.1733,74.41,85,31,3.15,CO,2022-08-03 23:22:57
Kokoda,-8.8785,147.7407,83.25,59,43,5.12,PG,2022-08-03 23:22:57
San Cristobal,7.7669,-72.225,75.38,92,97,1.5,VE,2022-08-03 23:22:58
Ardeşen,41.1911,40.9875,75.99,81,24,3.8,TR,2022-08-03 23:22:58
Porto-Novo,6.4965,2.6036,73.22,82,53,9.4,BJ,2022-08-03 23:22:59
Usinsk,65.9939,57.5281,58.42,89,30,10.33,RU,2022-08-03 23:22:59
Pinega,64.7001,43.3936,53.42,85,58,4.5,RU,2022-08-03 23:23:00
Kosh-Agach,50.0,88.6667,48.4,80,77,1.5,RU,2022-08-03 23:23:01
Vardø,70.3705,31.1107,51.78,100,100,2.3,NO,2022-08-03 23:23:01
Noyabrsk,63.1994,75.4507,57.31,64,95,5.41,RU,2022-08-03 23:23:02
Cairns,-16.9167,145.7667,77.07,83,75,10.36,AU,2022-08-03 23:19:55
Nome,64.5011,-165.4064,55.47,82,100,6.91,US,2022-08-03 23:23:04
Casper,42.8666,-106.3131,89.73,26,20,4.61,US,2022-08-03 23:21:55
Tessalit,20.1986,1.0114,90.18,33,77,16.64,ML,2022-08-03 23:23:05
Sitka,57.0531,-135.33,62.49,72,100,3.44,US,2022-08-03 23:23:06
Mirpur Khas,25.5251,69.0159,84.11,72,82,11.25,PK,2022-08-03 23:23:06
Nagua,19.3832,-69.8474,80.65,83,40,0.0,DO,2022-08-03 23:23:07
Enugu,6.4402,7.4943,76.39,83,40,3.44,NG,2022-08-03 23:23:07
Shimoda,34.6667,138.95,77.36,85,72,10.6,JP,2022-08-03 23:23:08
Champerico,14.3,-91.9167,88.34,73,77,4.07,GT,2022-08-03 23:23:08
Yangi Marg`ilon,40.4272,71.7189,75.72,40,35,1.39,UZ,2022-08-03 23:19:12
Marabu,4.4148,114.0089,75.34,100,40,1.14,MY,2022-08-03 23:23:09
Narsaq,60.9167,-46.05,50.22,94,100,2.21,GL,2022-08-03 23:23:10
Entre Rios,-11.9419,-38.0844,68.67,85,73,4.16,BR,2022-08-03 23:23:10
Omsukchan,62.5333,155.8,61.52,69,89,6.55,RU,2022-08-03 23:23:11
Belmonte,-15.8631,-38.8828,70.43,76,0,7.2,BR,2022-08-03 23:23:13
Gorontalo,0.5412,123.0595,76.64,89,53,1.9,ID,2022-08-03 23:21:51
Kommunisticheskiy,61.6789,64.4819,56.41,76,9,4.56,RU,2022-08-03 23:23:13
Amahai,-3.3333,128.9167,77.79,83,100,2.13,ID,2022-08-03 23:23:14
Palmer,42.1584,-72.3287,87.4,57,20,3.44,US,2022-08-03 23:23:14
Young,-32.6833,-57.6333,57.63,98,100,7.56,UY,2022-08-03 23:23:15
Mgandu,-5.95,34.1333,59.65,62,28,7.29,TZ,2022-08-03 23:23:15
Homa Bay,-0.5273,34.4571,65.52,84,63,4.14,KE,2022-08-03 23:23:16
Gizo Government Station,-8.103,156.8419,82.72,71,36,7.81,SB,2022-08-03 23:23:16
Birin,26.8865,88.0718,63.63,98,100,2.73,NP,2022-08-03 23:23:17
Lázaro Cárdenas,17.9583,-102.2,86.31,66,33,11.41,MX,2022-08-03 23:18:30
Zanzibar,-6.1639,39.1979,71.29,86,1,4.81,TZ,2022-08-03 23:23:18
Guilin,25.2819,110.2864,78.91,91,77,1.28,CN,2022-08-03 23:20:43
Chokwé,-24.5333,32.9833,62.35,72,0,6.76,MZ,2022-08-03 23:23:19
Lamar,33.6668,-95.5836,106.99,27,0,8.05,US,2022-08-03 23:22:24
Mogadishu,2.0371,45.3438,75.36,84,25,17.22,SO,2022-08-03 23:23:20
Loandjili,-4.7561,11.8578,68.81,90,6,5.99,CG,2022-08-03 23:23:21
Timbiras,-4.2553,-43.9406,82.17,54,87,3.67,BR,2022-08-03 23:23:21
West Bay,19.3667,-81.4167,87.08,76,20,6.91,KY,2022-08-03 23:21:07
Padang,-0.9492,100.3543,75.79,94,100,9.82,ID,2022-08-03 23:23:22
Porto Nacional,-10.7081,-48.4172,81.54,29,1,2.39,BR,2022-08-03 23:23:22
Jasło,49.7451,21.4725,59.58,71,11,2.57,PL,2022-08-03 23:23:23
Saldanha,-33.0117,17.9442,51.85,74,85,7.0,ZA,2022-08-03 23:23:23
Kudahuvadhoo,2.6708,72.8944,80.87,77,97,19.3,MV,2022-08-03 23:23:24
Tateyama,34.9833,139.8667,78.1,87,90,13.49,JP,2022-08-03 23:23:24
La Libertad,-2.2333,-80.9,71.26,83,100,4.61,EC,2022-08-03 23:21:06
Mazatlán,23.2167,-106.4167,90.91,77,40,8.05,MX,2022-08-03 23:22:52
Kabo,7.6994,18.629,70.18,95,74,2.48,CF,2022-08-03 23:23:25
Orán,-23.1322,-64.326,63.59,74,58,2.19,AR,2022-08-03 23:23:26
Gawler,-34.6,138.7333,59.25,70,8,16.17,AU,2022-08-03 23:23:26
Marsh Harbour,26.5412,-77.0636,83.95,68,2,12.71,BS,2022-08-03 23:23:03
Alta Floresta,-9.8756,-56.0861,82.72,31,79,4.05,BR,2022-08-03 23:23:27
São Filipe,14.8961,-24.4956,77.18,85,74,4.45,CV,2022-08-03 23:23:27
Douentza,14.9951,-2.9517,86.59,54,32,6.2,ML,2022-08-03 23:23:28
Krasnoarmeysk,51.0239,45.6969,66.61,69,98,5.44,RU,2022-08-03 23:19:16
Province of Mantua,45.1667,10.7833,79.84,72,0,1.99,IT,2022-08-03 23:23:30
Petaluma,38.2324,-122.6367,98.94,43,0,10.36,US,2022-08-03 23:23:30
Uva,56.9908,52.1852,65.82,74,99,1.3,RU,2022-08-03 23:23:31
Tegul'det,57.3064,88.1667,51.13,98,99,3.96,RU,2022-08-03 23:23:31
Phang Nga,8.4509,98.5298,75.24,95,100,2.19,TH,2022-08-03 23:23:24
Salinas,36.6777,-121.6555,98.56,58,0,12.66,US,2022-08-03 23:21:05
Berlevåg,70.8578,29.0864,57.0,89,63,8.57,NO,2022-08-03 23:23:32
Flinders,-34.5833,150.8552,65.05,80,100,5.99,AU,2022-08-03 23:23:33
Aykhal,66.0,111.5,39.47,97,100,25.55,RU,2022-08-03 23:23:33
Lima,-12.0432,-77.0282,63.9,75,100,11.5,PE,2022-08-03 23:22:02
Røros,62.5747,11.3842,51.64,93,74,3.44,NO,2022-08-03 23:23:34
Lashio,22.9333,97.75,67.21,100,35,0.54,MM,2022-08-03 23:23:07
Roquetas de Mar,36.7642,-2.6148,86.61,42,1,5.28,ES,2022-08-03 23:23:35
Bowen,-20.0167,148.2333,68.99,80,99,8.52,AU,2022-08-03 23:21:45
Sanchursk,56.9413,47.2499,65.3,77,71,2.48,RU,2022-08-03 23:23:36
Meulaboh,4.1363,96.1285,73.94,90,100,3.83,ID,2022-08-03 23:23:36
Tomatlán,19.9333,-105.25,90.23,57,61,7.0,MX,2022-08-03 23:23:37
Sarkand,45.41,79.9186,67.17,45,15,6.73,KZ,2022-08-03 23:23:37
College,64.8569,-147.8028,74.07,48,75,5.75,US,2022-08-03 23:23:38
Oyama,36.3,139.8,79.59,83,100,3.11,JP,2022-08-03 23:23:38
Alekseyevsk,57.8406,108.3492,53.96,80,4,3.98,RU,2022-08-03 23:23:39
Dothan,31.2232,-85.3905,89.8,61,0,5.75,US,2022-08-03 23:19:35
Marigot,18.0667,-63.0833,84.29,71,20,13.8,MF,2022-08-03 23:23:39
Hanzhong,33.0728,107.0303,76.46,80,3,1.01,CN,2022-08-03 23:23:40
Puerto Baquerizo Moreno,-0.9,-89.6,69.28,73,82,13.15,EC,2022-08-03 23:23:40
Ust'-Kut,56.7938,105.7672,52.7,81,18,1.7,RU,2022-08-03 23:23:41
Mount Darwin,-16.7725,31.5838,54.66,81,14,3.24,ZW,2022-08-03 23:23:41
Ambon City,-3.6954,128.1814,80.74,83,40,3.44,ID,2022-08-03 23:23:42
Merauke,-8.4667,140.3333,79.3,84,26,13.62,ID,2022-08-03 23:19:13
Skibbereen,51.55,-9.2667,55.11,83,12,10.25,IE,2022-08-03 23:23:43
Waingapu,-9.6567,120.2641,72.81,82,53,6.76,ID,2022-08-03 23:23:43
Koygorodok,60.445,50.9968,60.66,73,93,3.98,RU,2022-08-03 23:23:44
Tautira,-17.7333,-149.15,77.0,80,45,25.64,PF,2022-08-03 23:23:44
Kuril'sk,45.2333,147.8833,56.86,83,99,10.45,RU,2022-08-03 23:23:45
El Alto,-4.2714,-81.2147,69.46,78,39,9.66,PE,2022-08-03 23:23:46
Mykolayivka,47.5414,30.7561,65.5,93,13,7.67,UA,2022-08-03 23:23:46
Tarko-Sale,64.9225,77.785,58.19,64,78,4.07,RU,2022-08-03 23:23:47
Ca Mau,9.1769,105.15,76.71,92,100,3.33,VN,2022-08-03 23:23:47
Akdepe,42.0551,59.3788,73.49,35,0,5.57,TM,2022-08-03 23:23:48
Suntar,62.1444,117.6319,64.36,92,100,3.67,RU,2022-08-03 23:23:48
Bereda,43.2686,-7.5406,66.42,100,98,4.99,ES,2022-08-03 23:23:49
Baraboo,43.4711,-89.7443,82.54,88,0,5.75,US,2022-08-03 23:23:50
Kysyl-Syr,63.8986,122.7617,56.23,56,49,10.11,RU,2022-08-03 23:23:50
Inta,66.0317,60.1659,63.25,62,97,11.25,RU,2022-08-03 23:23:51
Chapais,49.7834,-74.8492,58.78,89,100,12.24,CA,2022-08-03 23:23:51
Dovolnoye,54.4958,79.6671,52.75,83,4,6.4,RU,2022-08-03 23:23:51
Boksitogorsk,59.474,33.8485,52.61,84,8,2.44,RU,2022-08-03 23:23:52
Caála,-12.8525,15.5606,61.11,44,57,3.22,AO,2022-08-03 23:23:52
Dudinka,69.4058,86.1778,54.63,64,17,2.8,RU,2022-08-03 23:23:53
Ilulissat,69.2167,-51.1,50.02,62,100,2.3,GL,2022-08-03 23:19:22
Pangody,65.85,74.4859,58.21,60,58,6.98,RU,2022-08-03 23:23:55
Province of Trapani,37.8333,12.6667,81.28,78,0,2.3,IT,2022-08-03 23:23:55
Isangel,-19.55,169.2667,80.71,83,75,4.61,VU,2022-08-03 23:23:56
Kinablangan,7.6947,126.5503,80.51,77,80,2.82,PH,2022-08-03 23:23:56
Kloulklubed,7.0419,134.2556,81.1,90,100,8.34,PW,2022-08-03 23:23:57
Pyu,18.4833,96.4333,75.04,97,93,2.77,MM,2022-08-03 23:23:57
Luanda,-8.8368,13.2343,66.06,86,2,9.98,AO,2022-08-03 23:23:58
Jiaojiang,28.6803,121.4428,82.81,84,11,3.33,CN,2022-08-03 23:23:58
Santa Cecília,-26.9608,-50.4269,55.54,89,25,2.91,BR,2022-08-03 23:23:59
Marzuq,14.4,46.4667,79.92,60,85,4.32,YE,2022-08-03 23:23:59
San Martín,-33.081,-68.4681,54.14,49,82,2.71,AR,2022-08-03 23:24:00
Lodwar,3.1191,35.5973,83.5,41,90,14.14,KE,2022-08-03 23:24:01
Sudak,44.85,34.9667,71.8,69,0,3.42,UA,2022-08-03 23:24:01
Helong,42.5397,128.9972,74.86,88,54,3.49,CN,2022-08-03 23:24:01
Kungurtug,50.5994,97.5228,53.44,77,41,1.12,RU,2022-08-03 23:24:02
Lewistown,40.5992,-77.5714,90.81,72,0,8.05,US,2022-08-03 23:21:40
Grindavik,63.8424,-22.4338,48.15,76,40,13.8,IS,2022-08-03 23:24:03
Mbandaka,0.0487,18.2603,71.01,82,8,2.89,CD,2022-08-03 23:24:03
Cururupu,-1.8283,-44.8683,75.16,87,34,4.0,BR,2022-08-03 23:24:04
Swift Current,50.2834,-107.8014,86.81,21,0,13.8,CA,2022-08-03 23:24:05
Fatehābād,29.5167,75.45,85.62,73,60,4.5,IN,2022-08-03 23:24:05
Sault Ste. Marie,46.5168,-84.3333,79.36,82,40,5.75,CA,2022-08-03 23:22:07
Aksarka,66.5606,67.7975,57.97,66,11,8.05,RU,2022-08-03 23:24:06
Presidencia Roque Sáenz Peña,-26.7852,-60.4388,62.53,93,86,9.06,AR,2022-08-03 23:24:07
Shawville,45.6001,-76.4827,72.86,67,80,8.19,CA,2022-08-03 23:24:07
Klaksvík,62.2266,-6.589,49.12,82,75,14.54,FO,2022-08-03 23:24:08
Vila Franca do Campo,37.7167,-25.4333,73.81,89,35,5.88,PT,2022-08-03 23:24:08
Bestöbe,52.4994,73.0975,58.73,62,0,8.99,KZ,2022-08-03 23:24:09
Zyryanka,65.75,150.85,55.42,91,100,7.58,RU,2022-08-03 23:20:31
Antalaha,-14.9003,50.2788,66.83,81,24,6.17,MG,2022-08-03 23:24:10
Codrington,-38.2667,141.9667,51.66,82,12,18.16,AU,2022-08-03 23:24:10
Malatya Province,38.5,38.0,80.65,26,0,6.91,TR,2022-08-03 23:21:27
Masty,53.4122,24.5387,58.39,76,4,3.24,BY,2022-08-03 23:24:11
Gudāri,19.35,83.7833,77.31,93,98,0.43,IN,2022-08-03 23:24:11
Kikwit,-5.041,18.8162,76.1,58,4,2.28,CD,2022-08-03 23:24:12
Havelock,34.8791,-76.9013,86.05,88,20,8.05,US,2022-08-03 23:24:12
Wilmington Island,32.0036,-80.9737,83.98,72,0,5.75,US,2022-08-03 23:24:13
Wanning,18.8003,110.3967,79.83,87,100,6.04,CN,2022-08-03 23:24:14
Maceió,-9.6658,-35.7353,72.84,94,100,8.05,BR,2022-08-03 23:24:14
Ayorou,14.7308,0.9174,91.81,41,11,6.22,NE,2022-08-03 23:24:15
East Angus,45.4834,-71.6658,77.22,55,40,3.44,CA,2022-08-03 23:24:15
Brejo Santo,-7.4933,-38.9872,73.63,87,85,7.56,BR,2022-08-03 23:24:16
Altamirano,16.8833,-92.15,71.06,49,6,6.26,MX,2022-08-03 23:24:16
Grootfontein,-19.5667,18.1167,60.3,13,13,7.85,NA,2022-08-03 23:24:17
Thinadhoo,0.5333,72.9333,80.37,76,99,14.97,MV,2022-08-03 23:24:17
Stornoway,58.2093,-6.3865,51.76,93,100,8.05,GB,2022-08-03 23:24:18
Aguaí,-22.0594,-46.9786,69.1,38,0,4.7,BR,2022-08-03 23:24:19
Frolishchi,56.4211,42.6533,61.48,75,100,2.62,RU,2022-08-03 23:24:19
Hamilton,39.1834,-84.5333,88.59,60,0,3.44,US,2022-08-03 23:20:25
Uíge,-7.6087,15.0613,67.35,66,34,2.77,AO,2022-08-03 23:24:20
Chatrapur,19.35,84.9833,82.27,75,99,0.34,IN,2022-08-03 23:24:22
Grodzisk Wielkopolski,52.2276,16.3653,75.72,57,65,8.16,PL,2022-08-03 23:24:22
Aklavik,68.2191,-135.0107,64.4,59,40,0.0,CA,2022-08-03 23:24:23
Golden Gate,26.1879,-81.6951,80.65,94,75,4.61,US,2022-08-03 23:24:23
Pemba,-12.974,40.5178,68.7,100,20,6.91,MZ,2022-08-03 23:23:43
Surgut,61.25,73.4167,55.58,81,0,4.47,RU,2022-08-03 23:24:24
Departamento de Maldonado,-34.6667,-54.9167,51.22,95,100,3.58,UY,2022-08-03 23:24:24
Vila do Maio,15.1333,-23.2167,79.59,82,74,7.52,CV,2022-08-03 23:24:25
Great Falls,47.5002,-111.3008,94.39,10,0,20.71,US,2022-08-03 23:21:00
Elesbão Veloso,-6.2019,-42.1403,79.14,54,59,5.5,BR,2022-08-03 23:24:26
Mocuba,-16.8392,36.9856,61.63,97,1,0.6,MZ,2022-08-03 23:24:26
Kangaatsiaq,68.3065,-53.4641,45.16,75,100,14.83,GL,2022-08-03 23:24:27
Zhezkazgan,47.8043,67.7144,67.44,70,100,12.64,KZ,2022-08-03 23:24:27
Saryg-Sep,51.5,95.6,56.43,78,90,1.3,RU,2022-08-03 23:24:28
Sauce,-34.6469,-56.0628,51.42,93,100,10.22,UY,2022-08-03 23:24:28
Quang Ngai,15.1167,108.8,75.63,86,98,5.26,VN,2022-08-03 23:24:29
Sarakhs,36.5449,61.1577,80.04,26,0,9.69,IR,2022-08-03 23:24:29
Kjøllefjord,70.9457,27.3465,53.65,83,60,7.63,NO,2022-08-03 23:24:25
Kurtalan,37.9272,41.7028,85.1,25,0,1.5,TR,2022-08-03 23:24:30
Whitehorse,60.7161,-135.0538,65.17,68,75,10.36,CA,2022-08-03 23:23:10
